"TimeUTC","timestampInMs","requestPath","requestMethod","requestQueryString","responseStatusCode","requestId","requestUserAgent","level","environment","branch","vercelCache","type","function","host","deploymentDomain","deploymentId","durationMs","region","maxMemoryUsed","memorySize","message","projectId","traceId","sessionId","invocationId","instanceId","concurrency"
"2025-11-15 05:33:09",1763184789913,"site-to-doc.vercel.app/api/battlecard-progress/ci_7890b476-db39-4006-a5b0-713f8d743c63","GET","",-1,"mtdlq-1763184785602-e03064e0c973","Mozilla/5.0 (Windows NT 10.0; Win64; x64) AppleWebKit/537.36 (KHTML, like Gecko) Chrome/142.0.0.0 Safari/537.36","info","production","main","","lambda","/api","site-to-doc.vercel.app","site-to-doc.vercel.app","dpl_AnytnBWWYjmYqpBuMCiKLWz33GpD",-1,"iad1",-1,-1,"{""level"":50,""time"":1763184789910,""pid"":5,""hostname"":""169.254.17.21"",""err"":{""type"":""DrizzleQueryError"",""message"":""Failed query: select \""id\"", \""url\"", \""title\"", \""content\"", \""user_id\"", \""subdomain\"", \""theme_id\"", \""current_version\"", \""search_vector\"", \""deletion_scheduled_at\"", \""generated_at\"" from \""documentations\"" where \""documentations\"".\""subdomain\"" = $1 limit $2\nparams: site-to-doc,1: Received network error or non-101 status code."",""stack"":""Error: Failed query: select \""id\"", \""url\"", \""title\"", \""content\"", \""user_id\"", \""subdomain\"", \""theme_id\"", \""current_version\"", \""search_vector\"", \""deletion_scheduled_at\"", \""generated_at\"" from \""documentations\"" where \""documentations\"".\""subdomain\"" = $1 limit $2\nparams: site-to-doc,1\n    at NeonPreparedQuery.queryWithCache (file:///var/task/node_modules/drizzle-orm/pg-core/session.js:41:15)\n    at process.processTicksAndRejections (node:internal/process/task_queues:105:5)\n    at async NeonPreparedQuery.execute (file:///var/task/node_modules/drizzle-orm/neon-serverless/session.js:109:20)\n    at async DrizzleStorage.getDocumentationBySubdomain (file:///var/task/dist/server/app.js:850:25)\n    at async file:///var/task/dist/server/app.js:20962:21\ncaused by: Error: Received network error or non-101 status code.\n    at file:///var/task/node_modules/@neondatabase/serverless/index.mjs:1087:33\n    at process.processTicksAndRejections (node:internal/process/task_queues:105:5)\n    at async file:///var/task/node_modules/drizzle-orm/neon-serverless/session.js:110:14\n    at async NeonPreparedQuery.queryWithCache (file:///var/task/node_modules/drizzle-orm/pg-core/session.js:39:16)\n    at async NeonPreparedQuery.execute (file:///var/task/node_modules/drizzle-orm/neon-serverless/session.js:109:20)\n    at async DrizzleStorage.getDocumentationBySubdomain (file:///var/task/dist/server/app.js:850:25)\n    at async file:///var/task/dist/server/app.js:20962:21"",""query"":""select \""id\"", \""url\"", \""title\"", \""content\"", \""user_id\"", \""subdomain\"", \""theme_id\"", \""current_version\"", \""search_vector\"", \""deletion_scheduled_at\"", \""generated_at\"" from \""documentations\"" where \""documentations\"".\""subdomain\"" = $1 limit $2"",""params"":[""site-to-doc"",1]},""msg"":""Subdomain routing error""}","prj_3zvjtQJWgnTy0FZC8MnDZE0snn2o","","","01KA301E9Q25WDZ3AS8A69GYZ0","",-1
"2025-11-15 05:33:09",1763184789902,"site-to-doc.vercel.app/api/battlecard-progress/ci_7890b476-db39-4006-a5b0-713f8d743c63","GET","",-1,"mtdlq-1763184785602-e03064e0c973","Mozilla/5.0 (Windows NT 10.0; Win64; x64) AppleWebKit/537.36 (KHTML, like Gecko) Chrome/142.0.0.0 Safari/537.36","info","production","main","","lambda","/api","site-to-doc.vercel.app","site-to-doc.vercel.app","dpl_AnytnBWWYjmYqpBuMCiKLWz33GpD",-1,"iad1",-1,-1,"‚úÖ Redis connected successfully","prj_3zvjtQJWgnTy0FZC8MnDZE0snn2o","","","01KA301E9Q25WDZ3AS8A69GYZ0","",-1
"2025-11-15 05:33:09",1763184789902,"site-to-doc.vercel.app/api/battlecard-progress/ci_7890b476-db39-4006-a5b0-713f8d743c63","GET","",-1,"mtdlq-1763184785602-e03064e0c973","Mozilla/5.0 (Windows NT 10.0; Win64; x64) AppleWebKit/537.36 (KHTML, like Gecko) Chrome/142.0.0.0 Safari/537.36","info","production","main","","lambda","/api","site-to-doc.vercel.app","site-to-doc.vercel.app","dpl_AnytnBWWYjmYqpBuMCiKLWz33GpD",-1,"iad1",-1,-1,"‚úÖ Redis connected successfully","prj_3zvjtQJWgnTy0FZC8MnDZE0snn2o","","","01KA301E9Q25WDZ3AS8A69GYZ0","",-1
"2025-11-15 05:33:09",1763184789899,"site-to-doc.vercel.app/api/battlecard-progress/ci_7890b476-db39-4006-a5b0-713f8d743c63","GET","",-1,"mtdlq-1763184785602-e03064e0c973","Mozilla/5.0 (Windows NT 10.0; Win64; x64) AppleWebKit/537.36 (KHTML, like Gecko) Chrome/142.0.0.0 Safari/537.36","info","production","main","","lambda","/api","site-to-doc.vercel.app","site-to-doc.vercel.app","dpl_AnytnBWWYjmYqpBuMCiKLWz33GpD",-1,"iad1",-1,-1,"‚úÖ Redis connected successfully","prj_3zvjtQJWgnTy0FZC8MnDZE0snn2o","","","01KA301E9Q25WDZ3AS8A69GYZ0","",-1
"2025-11-15 05:33:09",1763184789859,"site-to-doc.vercel.app/api/battlecard-progress/ci_7890b476-db39-4006-a5b0-713f8d743c63","GET","",-1,"mtdlq-1763184785602-e03064e0c973","Mozilla/5.0 (Windows NT 10.0; Win64; x64) AppleWebKit/537.36 (KHTML, like Gecko) Chrome/142.0.0.0 Safari/537.36","info","production","main","","lambda","/api","site-to-doc.vercel.app","site-to-doc.vercel.app","dpl_AnytnBWWYjmYqpBuMCiKLWz33GpD",-1,"iad1",-1,-1,"üë∑ Worker started with 5 concurrent processors","prj_3zvjtQJWgnTy0FZC8MnDZE0snn2o","","","01KA301E9Q25WDZ3AS8A69GYZ0","",-1
"2025-11-15 05:33:09",1763184789859,"site-to-doc.vercel.app/api/battlecard-progress/ci_7890b476-db39-4006-a5b0-713f8d743c63","GET","",-1,"mtdlq-1763184785602-e03064e0c973","Mozilla/5.0 (Windows NT 10.0; Win64; x64) AppleWebKit/537.36 (KHTML, like Gecko) Chrome/142.0.0.0 Safari/537.36","info","production","main","","lambda","/api","site-to-doc.vercel.app","site-to-doc.vercel.app","dpl_AnytnBWWYjmYqpBuMCiKLWz33GpD",-1,"iad1",-1,-1,"üöÄ BullMQ Queue initialized: documentation-generation (5 workers)","prj_3zvjtQJWgnTy0FZC8MnDZE0snn2o","","","01KA301E9Q25WDZ3AS8A69GYZ0","",-1
"2025-11-15 05:33:09",1763184789859,"site-to-doc.vercel.app/api/battlecard-progress/ci_7890b476-db39-4006-a5b0-713f8d743c63","GET","",-1,"mtdlq-1763184785602-e03064e0c973","Mozilla/5.0 (Windows NT 10.0; Win64; x64) AppleWebKit/537.36 (KHTML, like Gecko) Chrome/142.0.0.0 Safari/537.36","info","production","main","","lambda","/api","site-to-doc.vercel.app","site-to-doc.vercel.app","dpl_AnytnBWWYjmYqpBuMCiKLWz33GpD",-1,"iad1",-1,-1,"üöÄ Initializing BullMQ Queue (production mode)...","prj_3zvjtQJWgnTy0FZC8MnDZE0snn2o","","","01KA301E9Q25WDZ3AS8A69GYZ0","",-1
"2025-11-15 05:33:09",1763184789859,"site-to-doc.vercel.app/api/battlecard-progress/ci_7890b476-db39-4006-a5b0-713f8d743c63","GET","",-1,"mtdlq-1763184785602-e03064e0c973","Mozilla/5.0 (Windows NT 10.0; Win64; x64) AppleWebKit/537.36 (KHTML, like Gecko) Chrome/142.0.0.0 Safari/537.36","info","production","main","","lambda","/api","site-to-doc.vercel.app","site-to-doc.vercel.app","dpl_AnytnBWWYjmYqpBuMCiKLWz33GpD",-1,"iad1",-1,-1,"{""level"":30,""time"":1763184789828,""pid"":5,""hostname"":""169.254.17.21"",""supabaseConfigured"":true,""msg"":""Supabase""}","prj_3zvjtQJWgnTy0FZC8MnDZE0snn2o","","","01KA301E9Q25WDZ3AS8A69GYZ0","",-1
"2025-11-15 05:33:09",1763184789859,"site-to-doc.vercel.app/api/battlecard-progress/ci_7890b476-db39-4006-a5b0-713f8d743c63","GET","",-1,"mtdlq-1763184785602-e03064e0c973","Mozilla/5.0 (Windows NT 10.0; Win64; x64) AppleWebKit/537.36 (KHTML, like Gecko) Chrome/142.0.0.0 Safari/537.36","info","production","main","","lambda","/api","site-to-doc.vercel.app","site-to-doc.vercel.app","dpl_AnytnBWWYjmYqpBuMCiKLWz33GpD",-1,"iad1",-1,-1,"{""level"":30,""time"":1763184789828,""pid"":5,""hostname"":""169.254.17.21"",""dbConfigured"":true,""msg"":""Database""}","prj_3zvjtQJWgnTy0FZC8MnDZE0snn2o","","","01KA301E9Q25WDZ3AS8A69GYZ0","",-1
"2025-11-15 05:33:09",1763184789859,"site-to-doc.vercel.app/api/battlecard-progress/ci_7890b476-db39-4006-a5b0-713f8d743c63","GET","",-1,"mtdlq-1763184785602-e03064e0c973","Mozilla/5.0 (Windows NT 10.0; Win64; x64) AppleWebKit/537.36 (KHTML, like Gecko) Chrome/142.0.0.0 Safari/537.36","info","production","main","","lambda","/api","site-to-doc.vercel.app","site-to-doc.vercel.app","dpl_AnytnBWWYjmYqpBuMCiKLWz33GpD",-1,"iad1",-1,-1,"{""level"":30,""time"":1763184789828,""pid"":5,""hostname"":""169.254.17.21"",""providers"":[""Google AI (Gemini)"",""Groq"",""DeepSeek"",""OpenAI""],""msg"":""Configured AI Providers""}","prj_3zvjtQJWgnTy0FZC8MnDZE0snn2o","","","01KA301E9Q25WDZ3AS8A69GYZ0","",-1
"2025-11-15 05:33:09",1763184789859,"site-to-doc.vercel.app/api/battlecard-progress/ci_7890b476-db39-4006-a5b0-713f8d743c63","GET","",-1,"mtdlq-1763184785602-e03064e0c973","Mozilla/5.0 (Windows NT 10.0; Win64; x64) AppleWebKit/537.36 (KHTML, like Gecko) Chrome/142.0.0.0 Safari/537.36","info","production","main","","lambda","/api","site-to-doc.vercel.app","site-to-doc.vercel.app","dpl_AnytnBWWYjmYqpBuMCiKLWz33GpD",-1,"iad1",-1,-1,"{""level"":30,""time"":1763184789827,""pid"":5,""hostname"":""169.254.17.21"",""msg"":""ViberDoc Multi-Provider LLM System""}","prj_3zvjtQJWgnTy0FZC8MnDZE0snn2o","","","01KA301E9Q25WDZ3AS8A69GYZ0","",-1
"2025-11-15 05:33:09",1763184789859,"site-to-doc.vercel.app/api/battlecard-progress/ci_7890b476-db39-4006-a5b0-713f8d743c63","GET","",-1,"mtdlq-1763184785602-e03064e0c973","Mozilla/5.0 (Windows NT 10.0; Win64; x64) AppleWebKit/537.36 (KHTML, like Gecko) Chrome/142.0.0.0 Safari/537.36","info","production","main","","lambda","/api","site-to-doc.vercel.app","site-to-doc.vercel.app","dpl_AnytnBWWYjmYqpBuMCiKLWz33GpD",-1,"iad1",-1,-1,"‚úÖ Rate limiters initialized for all AI providers","prj_3zvjtQJWgnTy0FZC8MnDZE0snn2o","","","01KA301E9Q25WDZ3AS8A69GYZ0","",-1
"2025-11-15 05:33:09",1763184789859,"site-to-doc.vercel.app/api/battlecard-progress/ci_7890b476-db39-4006-a5b0-713f8d743c63","GET","",-1,"mtdlq-1763184785602-e03064e0c973","Mozilla/5.0 (Windows NT 10.0; Win64; x64) AppleWebKit/537.36 (KHTML, like Gecko) Chrome/142.0.0.0 Safari/537.36","info","production","main","","lambda","/api","site-to-doc.vercel.app","site-to-doc.vercel.app","dpl_AnytnBWWYjmYqpBuMCiKLWz33GpD",-1,"iad1",-1,-1,"üíæ Idempotency storage initialized: Database (persistent)","prj_3zvjtQJWgnTy0FZC8MnDZE0snn2o","","","01KA301E9Q25WDZ3AS8A69GYZ0","",-1
"2025-11-15 05:33:09",1763184789859,"site-to-doc.vercel.app/api/battlecard-progress/ci_7890b476-db39-4006-a5b0-713f8d743c63","GET","",-1,"mtdlq-1763184785602-e03064e0c973","Mozilla/5.0 (Windows NT 10.0; Win64; x64) AppleWebKit/537.36 (KHTML, like Gecko) Chrome/142.0.0.0 Safari/537.36","info","production","main","","lambda","/api","site-to-doc.vercel.app","site-to-doc.vercel.app","dpl_AnytnBWWYjmYqpBuMCiKLWz33GpD",-1,"iad1",-1,-1,"The `fetchConnectionCache` option is deprecated (now always `true`)","prj_3zvjtQJWgnTy0FZC8MnDZE0snn2o","","","01KA301E9Q25WDZ3AS8A69GYZ0","",-1
"2025-11-15 05:33:09",1763184789859,"site-to-doc.vercel.app/api/battlecard-progress/ci_7890b476-db39-4006-a5b0-713f8d743c63","GET","",-1,"mtdlq-1763184785602-e03064e0c973","Mozilla/5.0 (Windows NT 10.0; Win64; x64) AppleWebKit/537.36 (KHTML, like Gecko) Chrome/142.0.0.0 Safari/537.36","info","production","main","","lambda","/api","site-to-doc.vercel.app","site-to-doc.vercel.app","dpl_AnytnBWWYjmYqpBuMCiKLWz33GpD",-1,"iad1",-1,-1,"OpenTelemetry SDK started successfully","prj_3zvjtQJWgnTy0FZC8MnDZE0snn2o","","","01KA301E9Q25WDZ3AS8A69GYZ0","",-1
"2025-11-15 05:33:05",1763184785727,"site-to-doc.vercel.app/api/battlecard-progress/ci_7890b476-db39-4006-a5b0-713f8d743c63","GET","",-1,"cnvxt-1763184785570-93ef21ae331d","Mozilla/5.0 (Windows NT 10.0; Win64; x64) AppleWebKit/537.36 (KHTML, like Gecko) Chrome/142.0.0.0 Safari/537.36","info","production","main","","lambda","/api","site-to-doc.vercel.app","site-to-doc.vercel.app","dpl_AnytnBWWYjmYqpBuMCiKLWz33GpD",-1,"iad1",-1,-1,"{""level"":50,""time"":1763184785726,""pid"":4,""hostname"":""169.254.33.93"",""err"":{""type"":""DrizzleQueryError"",""message"":""Failed query: select \""id\"", \""url\"", \""title\"", \""content\"", \""user_id\"", \""subdomain\"", \""theme_id\"", \""current_version\"", \""search_vector\"", \""deletion_scheduled_at\"", \""generated_at\"" from \""documentations\"" where \""documentations\"".\""subdomain\"" = $1 limit $2\nparams: site-to-doc,1: Received network error or non-101 status code."",""stack"":""Error: Failed query: select \""id\"", \""url\"", \""title\"", \""content\"", \""user_id\"", \""subdomain\"", \""theme_id\"", \""current_version\"", \""search_vector\"", \""deletion_scheduled_at\"", \""generated_at\"" from \""documentations\"" where \""documentations\"".\""subdomain\"" = $1 limit $2\nparams: site-to-doc,1\n    at NeonPreparedQuery.queryWithCache (file:///var/task/node_modules/drizzle-orm/pg-core/session.js:41:15)\n    at process.processTicksAndRejections (node:internal/process/task_queues:105:5)\n    at async NeonPreparedQuery.execute (file:///var/task/node_modules/drizzle-orm/neon-serverless/session.js:109:20)\n    at async DrizzleStorage.getDocumentationBySubdomain (file:///var/task/dist/server/app.js:850:25)\n    at async file:///var/task/dist/server/app.js:20962:21\ncaused by: Error: Received network error or non-101 status code.\n    at file:///var/task/node_modules/@neondatabase/serverless/index.mjs:1087:33\n    at process.processTicksAndRejections (node:internal/process/task_queues:105:5)\n    at async file:///var/task/node_modules/drizzle-orm/neon-serverless/session.js:110:14\n    at async NeonPreparedQuery.queryWithCache (file:///var/task/node_modules/drizzle-orm/pg-core/session.js:39:16)\n    at async NeonPreparedQuery.execute (file:///var/task/node_modules/drizzle-orm/neon-serverless/session.js:109:20)\n    at async DrizzleStorage.getDocumentationBySubdomain (file:///var/task/dist/server/app.js:850:25)\n    at async file:///var/task/dist/server/app.js:20962:21"",""query"":""select \""id\"", \""url\"", \""title\"", \""content\"", \""user_id\"", \""subdomain\"", \""theme_id\"", \""current_version\"", \""search_vector\"", \""deletion_scheduled_at\"", \""generated_at\"" from \""documentations\"" where \""documentations\"".\""subdomain\"" = $1 limit $2"",""params"":[""site-to-doc"",1]},""msg"":""Subdomain routing error""}","prj_3zvjtQJWgnTy0FZC8MnDZE0snn2o","","","01KA301E8MYVZC3RFDKH1ZSX45","",-1
"2025-11-15 05:33:05",1763184785701,"site-to-doc.vercel.app/api/battlecard-progress/ci_7890b476-db39-4006-a5b0-713f8d743c63","GET","",-1,"cnvxt-1763184785570-93ef21ae331d","Mozilla/5.0 (Windows NT 10.0; Win64; x64) AppleWebKit/537.36 (KHTML, like Gecko) Chrome/142.0.0.0 Safari/537.36","info","production","main","","lambda","/api","site-to-doc.vercel.app","site-to-doc.vercel.app","dpl_AnytnBWWYjmYqpBuMCiKLWz33GpD",-1,"iad1",-1,-1,"[Activity ci_7890b] ERROR: Generation failed: Failed query: select ""id"", ""competitor_name"", ""competitor_url"", ""user_id"", ""request_hash"", ""payload"", ""pdf_url"", ""pdf_size_bytes"", ""quality_score"", ""total_sources"", ""reddit_sources"", ""stackoverflow_sources"", ""github_sources"", ""youtube_sources"", ""status"", ""error_message"", ""created_at"", ""updated_at"", ""completed_at"" from ""battlecards"" where ""battlecards"".""request_hash"" = $1 limit $2
params: b8dc840fe3423002,1","prj_3zvjtQJWgnTy0FZC8MnDZE0snn2o","","","01KA301E8MYVZC3RFDKH1ZSX45","",-1
"2025-11-15 05:33:05",1763184785701,"site-to-doc.vercel.app/api/battlecard-progress/ci_7890b476-db39-4006-a5b0-713f8d743c63","GET","",-1,"cnvxt-1763184785570-93ef21ae331d","Mozilla/5.0 (Windows NT 10.0; Win64; x64) AppleWebKit/537.36 (KHTML, like Gecko) Chrome/142.0.0.0 Safari/537.36","error","production","main","","lambda","/api","site-to-doc.vercel.app","site-to-doc.vercel.app","dpl_AnytnBWWYjmYqpBuMCiKLWz33GpD",-1,"iad1",-1,-1,"‚ùå Battlecard generation failed for https://replit.com/: DrizzleQueryError: Failed query: select ""id"", ""competitor_name"", ""competitor_url"", ""user_id"", ""request_hash"", ""payload"", ""pdf_url"", ""pdf_size_bytes"", ""quality_score"", ""total_sources"", ""reddit_sources"", ""stackoverflow_sources"", ""github_sources"", ""youtube_sources"", ""status"", ""error_message"", ""created_at"", ""updated_at"", ""completed_at"" from ""battlecards"" where ""battlecards"".""request_hash"" = $1 limit $2
params: b8dc840fe3423002,1
    at NeonPreparedQuery.queryWithCache (file:///var/task/node_modules/drizzle-orm/pg-core/session.js:41:15)
    at process.processTicksAndRejections (node:internal/process/task_queues:105:5)
    at async NeonPreparedQuery.execute (file:///var/task/node_modules/drizzle-orm/neon-serverless/session.js:109:20)
    at async BattlecardOrchestrator.findExistingBattlecard (file:///var/task/dist/server/app.js:19052:21)
    at async BattlecardOrchestrator.generateBattlecard (file:///var/task/dist/server/app.js:18813:24) {
  query: 'select ""id"", ""competitor_name"", ""competitor_url"", ""user_id"", ""request_hash"", ""payload"", ""pdf_url"", ""pdf_size_bytes"", ""quality_score"", ""total_sources"", ""reddit_sources"", ""stackoverflow_sources"", ""github_sources"", ""youtube_sources"", ""status"", ""error_message"", ""created_at"", ""updated_at"", ""completed_at"" from ""battlecards"" where ""battlecards"".""request_hash"" = $1 limit $2',
  params: [ 'b8dc840fe3423002', 1 ],
  cause: ErrorEvent {
    type: 'error',
    defaultPrevented: false,
    cancelable: false,
    timeStamp: 33520.440877
  }
}","prj_3zvjtQJWgnTy0FZC8MnDZE0snn2o","","","01KA301E8MYVZC3RFDKH1ZSX45","",-1
"2025-11-15 05:33:05",1763184785701,"site-to-doc.vercel.app/api/battlecard-progress/ci_7890b476-db39-4006-a5b0-713f8d743c63","GET","",-1,"cnvxt-1763184785570-93ef21ae331d","Mozilla/5.0 (Windows NT 10.0; Win64; x64) AppleWebKit/537.36 (KHTML, like Gecko) Chrome/142.0.0.0 Safari/537.36","info","production","main","","lambda","/api","site-to-doc.vercel.app","site-to-doc.vercel.app","dpl_AnytnBWWYjmYqpBuMCiKLWz33GpD",-1,"iad1",-1,-1,"[Activity ci_7890b] ERROR: Error: Failed query: select ""id"", ""competitor_name"", ""competitor_url"", ""user_id"", ""request_hash"", ""payload"", ""pdf_url"", ""pdf_size_bytes"", ""quality_score"", ""total_sources"", ""reddit_sources"", ""stackoverflow_sources"", ""github_sources"", ""youtube_sources"", ""status"", ""error_message"", ""created_at"", ""updated_at"", ""completed_at"" from ""battlecards"" where ""battlecards"".""request_hash"" = $1 limit $2
params: b8dc840fe3423002,1","prj_3zvjtQJWgnTy0FZC8MnDZE0snn2o","","","01KA301E8MYVZC3RFDKH1ZSX45","",-1
"2025-11-15 05:33:05",1763184785701,"site-to-doc.vercel.app/api/battlecard-progress/ci_7890b476-db39-4006-a5b0-713f8d743c63","GET","",-1,"cnvxt-1763184785570-93ef21ae331d","Mozilla/5.0 (Windows NT 10.0; Win64; x64) AppleWebKit/537.36 (KHTML, like Gecko) Chrome/142.0.0.0 Safari/537.36","error","production","main","","lambda","/api","site-to-doc.vercel.app","site-to-doc.vercel.app","dpl_AnytnBWWYjmYqpBuMCiKLWz33GpD",-1,"iad1",-1,-1,"Battlecard generation error: DrizzleQueryError: Failed query: select ""id"", ""competitor_name"", ""competitor_url"", ""user_id"", ""request_hash"", ""payload"", ""pdf_url"", ""pdf_size_bytes"", ""quality_score"", ""total_sources"", ""reddit_sources"", ""stackoverflow_sources"", ""github_sources"", ""youtube_sources"", ""status"", ""error_message"", ""created_at"", ""updated_at"", ""completed_at"" from ""battlecards"" where ""battlecards"".""request_hash"" = $1 limit $2
params: b8dc840fe3423002,1
    at NeonPreparedQuery.queryWithCache (file:///var/task/node_modules/drizzle-orm/pg-core/session.js:41:15)
    at process.processTicksAndRejections (node:internal/process/task_queues:105:5)
    at async NeonPreparedQuery.execute (file:///var/task/node_modules/drizzle-orm/neon-serverless/session.js:109:20)
    at async BattlecardOrchestrator.findExistingBattlecard (file:///var/task/dist/server/app.js:19052:21)
    at async BattlecardOrchestrator.generateBattlecard (file:///var/task/dist/server/app.js:18813:24) {
  query: 'select ""id"", ""competitor_name"", ""competitor_url"", ""user_id"", ""request_hash"", ""payload"", ""pdf_url"", ""pdf_size_bytes"", ""quality_score"", ""total_sources"", ""reddit_sources"", ""stackoverflow_sources"", ""github_sources"", ""youtube_sources"", ""status"", ""error_message"", ""created_at"", ""updated_at"", ""completed_at"" from ""battlecards"" where ""battlecards"".""request_hash"" = $1 limit $2',
  params: [ 'b8dc840fe3423002', 1 ],
  cause: ErrorEvent {
    type: 'error',
    defaultPrevented: false,
    cancelable: false,
    timeStamp: 33520.440877
  }
}","prj_3zvjtQJWgnTy0FZC8MnDZE0snn2o","","","01KA301E8MYVZC3RFDKH1ZSX45","",-1
"2025-11-15 05:33:05",1763184785287,"site-to-doc.vercel.app/api/competitive-intelligence","POST","",-1,"cnvxt-1763184784822-2b360405d40a","Mozilla/5.0 (Windows NT 10.0; Win64; x64) AppleWebKit/537.36 (KHTML, like Gecko) Chrome/142.0.0.0 Safari/537.36","info","production","main","","lambda","/api","site-to-doc.vercel.app","site-to-doc.vercel.app","dpl_AnytnBWWYjmYqpBuMCiKLWz33GpD",-1,"iad1",-1,-1,"{""level"":30,""time"":1763184785287,""pid"":4,""hostname"":""169.254.33.93"",""req"":{""id"":2,""method"":""POST"",""url"":""/api/competitive-intelligence"",""query"":{},""params"":{},""headers"":{""strict-transport-security"":""max-age=63072000; includeSubDomains; preload"",""x-xss-protection"":""0"",""authorization"":""Bearer eyJhbGciOiJIUzI1NiIsImtpZCI6Indpd2RUWjNnMHJ3UXllM3giLCJ0eXAiOiJKV1QifQ.eyJpc3MiOiJodHRwczovL2FmZ2ptY2l3c21odnFlcWduY2NiLnN1cGFiYXNlLmNvL2F1dGgvdjEiLCJzdWIiOiI2YzkwMGJkZS0zYzUxLTRjN2QtOTQ3Yi04YmMxN2Y2ZTIwNjgiLCJhdWQiOiJhdXRoZW50aWNhdGVkIiwiZXhwIjoxNzYzMTg3MzA1LCJpYXQiOjE3NjMxODM3MDUsImVtYWlsIjoiYWxjYXRlY2FibGVAZ21haWwuY29tIiwicGhvbmUiOiIiLCJhcHBfbWV0YWRhdGEiOnsicHJvdmlkZXIiOiJlbWFpbCIsInByb3ZpZGVycyI6WyJlbWFpbCJdfSwidXNlcl9tZXRhZGF0YSI6eyJlbWFpbCI6ImFsY2F0ZWNhYmxlQGdtYWlsLmNvbSIsImVtYWlsX3ZlcmlmaWVkIjp0cnVlLCJwaG9uZV92ZXJpZmllZCI6ZmFsc2UsInN1YiI6IjZjOTAwYmRlLTNjNTEtNGM3ZC05NDdiLThiYzE3ZjZlMjA2OCJ9LCJyb2xlIjoiYXV0aGVudGljYXRlZCIsImFhbCI6ImFhbDEiLCJhbXIiOlt7Im1ldGhvZCI6InBhc3N3b3JkIiwidGltZXN0YW1wIjoxNzYyNzcwNDYzfV0sInNlc3Npb25faWQiOiJiNzRjNGY3Ny0yMjNkLTQ5NzUtODQ5MC1iY2Y3MGU1ZmEyNGQiLCJpc19hbm9ueW1vdXMiOmZhbHNlfQ.t1YiE8xXHXCIa9XWFTd-fmNN1Mv0xSkPBePjQkJd-2M"",""sec-fetch-site"":""same-origin"",""x-vercel-internal-ingress-bucket"":""bucket018"",""x-vercel-function-path"":""api"",""x-vercel-ip-country"":""ZA"",""x-vercel-proxied-for"":""197.184.108.125"",""x-forwarded-for"":""197.184.108.125"",""accept-language"":""en-US,en;q=0.9"",""x-vercel-oidc-token"":""eyJhbGciOiJSUzI1NiIsImtpZCI6Im1yay00MzAyZWMxYjY3MGY0OGE5OGFkNjFkYWRlNGEyM2JlNyIsInR5cCI6IkpXVCJ9.eyJhdWQiOiJodHRwczpcL1wvdmVyY2VsLmNvbVwvYWxjYXRlY3MtcHJvamVjdHMiLCJwcm9qZWN0X2lkIjoicHJqXzN6dmp0UUpXZ25UeTBGWkM4TW5EWkUwc25uMm8iLCJvd25lcl9pZCI6InRlYW1fU09rQTJ3UVRrc2Y2V3M0QnhhNTRnTkFOIiwiZW52aXJvbm1lbnQiOiJwcm9kdWN0aW9uIiwiaWF0IjoxNzYzMTgzNzAxLCJwcm9qZWN0Ijoic2l0ZS10by1kb2MiLCJuYmYiOjE3NjMxODM3MDEsInN1YiI6Im93bmVyOmFsY2F0ZWNzLXByb2plY3RzOnByb2plY3Q6c2l0ZS10by1kb2M6ZW52aXJvbm1lbnQ6cHJvZHVjdGlvbiIsInZlcmNlbF9pZCI6ImNwdDE6OnZoOG1oLTE3NjMxODM3MDA3NzQtMDk2ZWZlYjk3ODI1IiwiZXhwIjoxNzYzMTg3MzAxLCJzY29wZSI6Im93bmVyOmFsY2F0ZWNzLXByb2plY3RzOnByb2plY3Q6c2l0ZS10by1kb2M6ZW52aXJvbm1lbnQ6cHJvZHVjdGlvbiIsInBsYW4iOiJob2JieSIsImlzcyI6Imh0dHBzOlwvXC9vaWRjLnZlcmNlbC5jb21cL2FsY2F0ZWNzLXByb2plY3RzIiwib3duZXIiOiJhbGNhdGVjcy1wcm9qZWN0cyJ9.hhXFd74KqaAle1CFP2uo_kvSvRcedIItQKcQakkDRieNmKei8rxnj_PORCxb-mDybGRvfqSXuhF2bwXQsIbVTH1Xe0xjNSoVq0n_Bt1iVs3oIRo4t7Gl0cQpQEB40L2BO4XMVWFJzmYcRek0bHQZ7BXRJ3p95Y8zJA_RDZHtpLEx0UFmqabOV1nD71dnGzhNzAJDJTtXSNV8R1JtjSzX07r6QgnXP0rJUPsOH9h5Lf1DPC2-XnBWaUjpC7XKzvV77FmbdB13h_o1wyQRkdH_EK1NqiAPftHb4SJ0fZ9Dt_P6P-aPqlet4C145JR-yPBS2AxBL-xAC-qRLcrderAGaA"",""x-vercel-internal-ingress-port"":""18444"",""x-vercel-ip-country-region"":""GP"",""user-agent"":""Mozilla/5.0 (Windows NT 10.0; Win64; x64) AppleWebKit/537.36 (KHTML, like Gecko) Chrome/142.0.0.0 Safari/537.36"",""host"":""site-to-doc.vercel.app"",""x-vercel-ip-latitude"":""-26.2309"",""x-vercel-ip-as-number"":""37105"",""sec-ch-ua-mobile"":""?0"",""x-vercel-ip-postal-code"":""2091"",""x-vercel-ip-longitude"":""28.0583"",""sec-ch-ua"":""\""Chromium\"";v=\""142\"", \""Google Chrome\"";v=\""142\"", \""Not_A Brand\"";v=\""99\"""",""content-type"":""application/json"",""x-forwarded-host"":""site-to-doc.vercel.app"",""x-vercel-proxy-signature-ts"":""1763185084"",""x-vercel-deployment-url"":""site-to-cgsu7xwhx-alcatecs-projects.vercel.app"",""x-frame-options"":""DENY"",""x-real-ip"":""197.184.108.125"",""x-vercel-ip-city"":""Johannesburg"",""x-vercel-id"":""cpt1::cnvxt-1763184784822-2b360405d40a"",""x-vercel-forwarded-for"":""197.184.108.125"",""x-vercel-proxy-signature"":""Bearer 003ad7ce67a7dea1c2483b68c9464a8cee308c15324951a0e12b7e7f34ca4d04"",""referrer-policy"":""no-referrer"",""accept"":""*/*"",""sec-fetch-dest"":""empty"",""x-vercel-ip-continent"":""AF"",""x-vercel-ja4-digest"":""t13d1611h2_1711a4c0508c_6d021c4c45cd"",""x-vercel-internal-bot-check"":""skip"",""content-length"":""78"",""permissions-policy"":""camera=(), microphone=(), geolocation=()"",""content-security-policy"":""default-src 'self'; script-src 'self'; style-src 'self' 'unsafe-inline' https://fonts.googleapis.com; img-src 'self' data: blob: https:; font-src 'self' https://fonts.gstatic.com; connect-src 'self' https: wss:; frame-src https:; frame-ancestors 'none'; base-uri 'self'; form-action 'self'"",""sec-fetch-mode"":""cors"",""x-content-type-options"":""nosniff"",""origin"":""https://site-to-doc.vercel.app"",""x-vercel-ip-timezone"":""Africa/Johannesburg"",""priority"":""u=1, i"",""forwarded"":""for=197.184.108.125;host=site-to-doc.vercel.app;proto=https;sig=0QmVhcmVyIDAwM2FkN2NlNjdhN2RlYTFjMjQ4M2I2OGM5NDY0YThjZWUzMDhjMTUzMjQ5NTFhMGUxMmI3ZTdmMzRjYTRkMDQ=;exp=1763185084"",""x-forwarded-proto"":""https"",""accept-encoding"":""gzip, deflate, br"",""sec-ch-ua-platform"":""\""Windows\"""",""connection"":""close""},""remoteAddress"":""127.0.0.1"",""remotePort"":56890},""res"":{""statusCode"":200,""headers"":{""x-powered-by"":""Express"",""content-type"":""application/json; charset=utf-8"",""content-length"":""189"",""etag"":""W/\""bd-GwuYRlGwBnOpSfcZiltctioMdMs\"""",""x-vercel-internal-timing"":""bytecode-miss;offset=0,response;dur=334.47;desc=\""response_0.07+334.47\"";offset=0.07,total-latency;dur=0.07;desc=\""total-latency_0+0.07\"";offset=0,ttfb;dur=334.55;desc=\""ttfb_0+334.55\"";offset=0,fetch;dur=312;desc=\""fetch_15.49+312\"";offset=15.49""}},""responseTime"":337,""msg"":""request completed""}","prj_3zvjtQJWgnTy0FZC8MnDZE0snn2o","","","01KA301DH9NA91YXYKVFNAB000","",-1
"2025-11-15 05:33:05",1763184785284,"site-to-doc.vercel.app/api/competitive-intelligence","POST","",-1,"cnvxt-1763184784822-2b360405d40a","Mozilla/5.0 (Windows NT 10.0; Win64; x64) AppleWebKit/537.36 (KHTML, like Gecko) Chrome/142.0.0.0 Safari/537.36","info","production","main","","lambda","/api","site-to-doc.vercel.app","site-to-doc.vercel.app","dpl_AnytnBWWYjmYqpBuMCiKLWz33GpD",-1,"iad1",-1,-1,"üéØ Starting battlecard generation for https://replit.com/","prj_3zvjtQJWgnTy0FZC8MnDZE0snn2o","","","01KA301DH9NA91YXYKVFNAB000","",-1
"2025-11-15 05:33:05",1763184785283,"site-to-doc.vercel.app/api/competitive-intelligence","POST","",-1,"cnvxt-1763184784822-2b360405d40a","Mozilla/5.0 (Windows NT 10.0; Win64; x64) AppleWebKit/537.36 (KHTML, like Gecko) Chrome/142.0.0.0 Safari/537.36","info","production","main","","lambda","/api","site-to-doc.vercel.app","site-to-doc.vercel.app","dpl_AnytnBWWYjmYqpBuMCiKLWz33GpD",-1,"iad1",-1,-1,"üéØ Starting battlecard generation for https://replit.com/ (user: null)","prj_3zvjtQJWgnTy0FZC8MnDZE0snn2o","","","01KA301DH9NA91YXYKVFNAB000","",-1
"2025-11-15 05:33:05",1763184785282,"site-to-doc.vercel.app/api/competitive-intelligence","POST","",-1,"cnvxt-1763184784822-2b360405d40a","Mozilla/5.0 (Windows NT 10.0; Win64; x64) AppleWebKit/537.36 (KHTML, like Gecko) Chrome/142.0.0.0 Safari/537.36","warning","production","main","","lambda","/api","site-to-doc.vercel.app","site-to-doc.vercel.app","dpl_AnytnBWWYjmYqpBuMCiKLWz33GpD",-1,"iad1",-1,-1,"Failed to sync Supabase user with database: Failed query: select ""id"", ""email"", ""name"", ""plan"", ""is_admin"", ""subscription_id"", ""subscription_status"", ""generation_count"", ""api_key"", ""api_usage"", ""balance"", ""last_reset_at"", ""deleted_at"", ""created_at"", ""updated_at"" from ""users"" where ""users"".""email"" = $1 limit $2
params: alcatecable@gmail.com,1","prj_3zvjtQJWgnTy0FZC8MnDZE0snn2o","","","01KA301DH9NA91YXYKVFNAB000","",-1
"2025-11-15 05:33:04",1763184784966,"site-to-doc.vercel.app/api/competitive-intelligence","POST","",-1,"cnvxt-1763184784822-2b360405d40a","Mozilla/5.0 (Windows NT 10.0; Win64; x64) AppleWebKit/537.36 (KHTML, like Gecko) Chrome/142.0.0.0 Safari/537.36","info","production","main","","lambda","/api","site-to-doc.vercel.app","site-to-doc.vercel.app","dpl_AnytnBWWYjmYqpBuMCiKLWz33GpD",-1,"iad1",-1,-1,"{""level"":50,""time"":1763184784965,""pid"":4,""hostname"":""169.254.33.93"",""err"":{""type"":""DrizzleQueryError"",""message"":""Failed query: select \""id\"", \""url\"", \""title\"", \""content\"", \""user_id\"", \""subdomain\"", \""theme_id\"", \""current_version\"", \""search_vector\"", \""deletion_scheduled_at\"", \""generated_at\"" from \""documentations\"" where \""documentations\"".\""subdomain\"" = $1 limit $2\nparams: site-to-doc,1: Received network error or non-101 status code."",""stack"":""Error: Failed query: select \""id\"", \""url\"", \""title\"", \""content\"", \""user_id\"", \""subdomain\"", \""theme_id\"", \""current_version\"", \""search_vector\"", \""deletion_scheduled_at\"", \""generated_at\"" from \""documentations\"" where \""documentations\"".\""subdomain\"" = $1 limit $2\nparams: site-to-doc,1\n    at NeonPreparedQuery.queryWithCache (file:///var/task/node_modules/drizzle-orm/pg-core/session.js:41:15)\n    at process.processTicksAndRejections (node:internal/process/task_queues:105:5)\n    at async NeonPreparedQuery.execute (file:///var/task/node_modules/drizzle-orm/neon-serverless/session.js:109:20)\n    at async DrizzleStorage.getDocumentationBySubdomain (file:///var/task/dist/server/app.js:850:25)\n    at async file:///var/task/dist/server/app.js:20962:21\ncaused by: Error: Received network error or non-101 status code.\n    at file:///var/task/node_modules/@neondatabase/serverless/index.mjs:1087:33\n    at process.processTicksAndRejections (node:internal/process/task_queues:105:5)\n    at async file:///var/task/node_modules/drizzle-orm/neon-serverless/session.js:110:14\n    at async NeonPreparedQuery.queryWithCache (file:///var/task/node_modules/drizzle-orm/pg-core/session.js:39:16)\n    at async NeonPreparedQuery.execute (file:///var/task/node_modules/drizzle-orm/neon-serverless/session.js:109:20)\n    at async DrizzleStorage.getDocumentationBySubdomain (file:///var/task/dist/server/app.js:850:25)\n    at async file:///var/task/dist/server/app.js:20962:21"",""query"":""select \""id\"", \""url\"", \""title\"", \""content\"", \""user_id\"", \""subdomain\"", \""theme_id\"", \""current_version\"", \""search_vector\"", \""deletion_scheduled_at\"", \""generated_at\"" from \""documentations\"" where \""documentations\"".\""subdomain\"" = $1 limit $2"",""params"":[""site-to-doc"",1]},""msg"":""Subdomain routing error""}","prj_3zvjtQJWgnTy0FZC8MnDZE0snn2o","","","01KA301DH9NA91YXYKVFNAB000","",-1
"2025-11-15 05:33:04",1763184784937,"site-to-doc.vercel.app/api/competitive-intelligence","POST","",200,"cnvxt-1763184784822-2b360405d40a","Mozilla/5.0 (Windows NT 10.0; Win64; x64) AppleWebKit/537.36 (KHTML, like Gecko) Chrome/142.0.0.0 Safari/537.36","info","production","main","","lambda","/api","site-to-doc.vercel.app","site-to-doc.vercel.app","dpl_AnytnBWWYjmYqpBuMCiKLWz33GpD",342,"iad1",432,2048,"","prj_3zvjtQJWgnTy0FZC8MnDZE0snn2o","","","01KA301DH9NA91YXYKVFNAB000","ew79T8xR7dNu",1
"2025-11-15 05:33:01",1763184781585,"site-to-doc.vercel.app/api/battlecards","GET","",-1,"72kwt-1763184780067-1f81d6c14c95","Mozilla/5.0 (Windows NT 10.0; Win64; x64) AppleWebKit/537.36 (KHTML, like Gecko) Chrome/142.0.0.0 Safari/537.36","info","production","main","","lambda","/api","site-to-doc.vercel.app","site-to-doc.vercel.app","dpl_AnytnBWWYjmYqpBuMCiKLWz33GpD",-1,"iad1",-1,-1,"{""level"":30,""time"":1763184781584,""pid"":4,""hostname"":""169.254.33.93"",""req"":{""id"":1,""method"":""GET"",""url"":""/api/battlecards"",""query"":{},""params"":{},""headers"":{""x-vercel-ip-as-number"":""37105"",""x-vercel-ip-continent"":""AF"",""x-vercel-oidc-token"":""eyJhbGciOiJSUzI1NiIsImtpZCI6Im1yay00MzAyZWMxYjY3MGY0OGE5OGFkNjFkYWRlNGEyM2JlNyIsInR5cCI6IkpXVCJ9.eyJhdWQiOiJodHRwczpcL1wvdmVyY2VsLmNvbVwvYWxjYXRlY3MtcHJvamVjdHMiLCJwcm9qZWN0X2lkIjoicHJqXzN6dmp0UUpXZ25UeTBGWkM4TW5EWkUwc25uMm8iLCJvd25lcl9pZCI6InRlYW1fU09rQTJ3UVRrc2Y2V3M0QnhhNTRnTkFOIiwiZW52aXJvbm1lbnQiOiJwcm9kdWN0aW9uIiwiaWF0IjoxNzYzMTgzNzAxLCJwcm9qZWN0Ijoic2l0ZS10by1kb2MiLCJuYmYiOjE3NjMxODM3MDEsInN1YiI6Im93bmVyOmFsY2F0ZWNzLXByb2plY3RzOnByb2plY3Q6c2l0ZS10by1kb2M6ZW52aXJvbm1lbnQ6cHJvZHVjdGlvbiIsInZlcmNlbF9pZCI6ImNwdDE6OnZoOG1oLTE3NjMxODM3MDA3NzQtMDk2ZWZlYjk3ODI1IiwiZXhwIjoxNzYzMTg3MzAxLCJzY29wZSI6Im93bmVyOmFsY2F0ZWNzLXByb2plY3RzOnByb2plY3Q6c2l0ZS10by1kb2M6ZW52aXJvbm1lbnQ6cHJvZHVjdGlvbiIsInBsYW4iOiJob2JieSIsImlzcyI6Imh0dHBzOlwvXC9vaWRjLnZlcmNlbC5jb21cL2FsY2F0ZWNzLXByb2plY3RzIiwib3duZXIiOiJhbGNhdGVjcy1wcm9qZWN0cyJ9.hhXFd74KqaAle1CFP2uo_kvSvRcedIItQKcQakkDRieNmKei8rxnj_PORCxb-mDybGRvfqSXuhF2bwXQsIbVTH1Xe0xjNSoVq0n_Bt1iVs3oIRo4t7Gl0cQpQEB40L2BO4XMVWFJzmYcRek0bHQZ7BXRJ3p95Y8zJA_RDZHtpLEx0UFmqabOV1nD71dnGzhNzAJDJTtXSNV8R1JtjSzX07r6QgnXP0rJUPsOH9h5Lf1DPC2-XnBWaUjpC7XKzvV77FmbdB13h_o1wyQRkdH_EK1NqiAPftHb4SJ0fZ9Dt_P6P-aPqlet4C145JR-yPBS2AxBL-xAC-qRLcrderAGaA"",""sec-fetch-site"":""same-origin"",""x-vercel-forwarded-for"":""197.184.108.125"",""user-agent"":""Mozilla/5.0 (Windows NT 10.0; Win64; x64) AppleWebKit/537.36 (KHTML, like Gecko) Chrome/142.0.0.0 Safari/537.36"",""content-security-policy"":""default-src 'self'; script-src 'self'; style-src 'self' 'unsafe-inline' https://fonts.googleapis.com; img-src 'self' data: blob: https:; font-src 'self' https://fonts.gstatic.com; connect-src 'self' https: wss:; frame-src https:; frame-ancestors 'none'; base-uri 'self'; form-action 'self'"",""x-vercel-ip-country-region"":""GP"",""x-vercel-ja4-digest"":""t13d1611h2_1711a4c0508c_6d021c4c45cd"",""x-vercel-id"":""cpt1::72kwt-1763184780067-1f81d6c14c95"",""x-vercel-ip-city"":""Johannesburg"",""host"":""site-to-doc.vercel.app"",""sec-ch-ua"":""\""Chromium\"";v=\""142\"", \""Google Chrome\"";v=\""142\"", \""Not_A Brand\"";v=\""99\"""",""x-vercel-ip-country"":""ZA"",""permissions-policy"":""camera=(), microphone=(), geolocation=()"",""x-vercel-deployment-url"":""site-to-cgsu7xwhx-alcatecs-projects.vercel.app"",""x-real-ip"":""197.184.108.125"",""x-forwarded-for"":""197.184.108.125"",""accept-language"":""en-US,en;q=0.9"",""forwarded"":""for=197.184.108.125;host=site-to-doc.vercel.app;proto=https;sig=0QmVhcmVyIDdkNzU2YzNiYTk5YzVlMDAxZjBiYWRkNzMwMTZlOWJhYjBjNmYzZDIyYjNhOWIzY2YzNGRmNDMzNWRhZmQ1YWQ=;exp=1763185080"",""x-xss-protection"":""0"",""x-vercel-ip-postal-code"":""2091"",""x-content-type-options"":""nosniff"",""x-forwarded-host"":""site-to-doc.vercel.app"",""x-vercel-internal-ingress-bucket"":""bucket018"",""x-vercel-proxied-for"":""197.184.108.125"",""referrer-policy"":""no-referrer"",""sec-ch-ua-mobile"":""?0"",""x-vercel-ip-timezone"":""Africa/Johannesburg"",""x-forwarded-proto"":""https"",""accept-encoding"":""gzip, deflate, br"",""authorization"":""Bearer eyJhbGciOiJIUzI1NiIsImtpZCI6Indpd2RUWjNnMHJ3UXllM3giLCJ0eXAiOiJKV1QifQ.eyJpc3MiOiJodHRwczovL2FmZ2ptY2l3c21odnFlcWduY2NiLnN1cGFiYXNlLmNvL2F1dGgvdjEiLCJzdWIiOiI2YzkwMGJkZS0zYzUxLTRjN2QtOTQ3Yi04YmMxN2Y2ZTIwNjgiLCJhdWQiOiJhdXRoZW50aWNhdGVkIiwiZXhwIjoxNzYzMTg3MzA1LCJpYXQiOjE3NjMxODM3MDUsImVtYWlsIjoiYWxjYXRlY2FibGVAZ21haWwuY29tIiwicGhvbmUiOiIiLCJhcHBfbWV0YWRhdGEiOnsicHJvdmlkZXIiOiJlbWFpbCIsInByb3ZpZGVycyI6WyJlbWFpbCJdfSwidXNlcl9tZXRhZGF0YSI6eyJlbWFpbCI6ImFsY2F0ZWNhYmxlQGdtYWlsLmNvbSIsImVtYWlsX3ZlcmlmaWVkIjp0cnVlLCJwaG9uZV92ZXJpZmllZCI6ZmFsc2UsInN1YiI6IjZjOTAwYmRlLTNjNTEtNGM3ZC05NDdiLThiYzE3ZjZlMjA2OCJ9LCJyb2xlIjoiYXV0aGVudGljYXRlZCIsImFhbCI6ImFhbDEiLCJhbXIiOlt7Im1ldGhvZCI6InBhc3N3b3JkIiwidGltZXN0YW1wIjoxNzYyNzcwNDYzfV0sInNlc3Npb25faWQiOiJiNzRjNGY3Ny0yMjNkLTQ5NzUtODQ5MC1iY2Y3MGU1ZmEyNGQiLCJpc19hbm9ueW1vdXMiOmZhbHNlfQ.t1YiE8xXHXCIa9XWFTd-fmNN1Mv0xSkPBePjQkJd-2M"",""x-vercel-ip-latitude"":""-26.2309"",""x-vercel-function-path"":""api"",""x-vercel-proxy-signature"":""Bearer 7d756c3ba99c5e001f0badd73016e9bab0c6f3d22b3a9b3cf34df4335dafd5ad"",""sec-ch-ua-platform"":""\""Windows\"""",""sec-fetch-dest"":""empty"",""x-vercel-proxy-signature-ts"":""1763185080"",""priority"":""u=1, i"",""strict-transport-security"":""max-age=63072000; includeSubDomains; preload"",""x-vercel-internal-bot-check"":""skip"",""content-type"":""application/json"",""x-frame-options"":""DENY"",""x-vercel-ip-longitude"":""28.0583"",""x-vercel-internal-ingress-port"":""18444"",""sec-fetch-mode"":""cors"",""accept"":""*/*"",""connection"":""close""},""remoteAddress"":""127.0.0.1"",""remotePort"":56850},""res"":{""statusCode"":500,""headers"":{""x-powered-by"":""Express"",""content-type"":""application/json; charset=utf-8"",""content-length"":""446"",""etag"":""W/\""1be-KJokN1OwKRtSIgSzuyLz7Pq5NH0\"""",""x-vercel-internal-timing"":""bytecode-miss;offset=0,bootstrap;dur=6.67;desc=\""bootstrap_0+6.67\"";offset=0,post-init-delay;dur=25579.13;desc=\""post-init-delay_3133.59+25579.13\"";offset=3133.59,import-fn;dur=3112.4;desc=\""import-fn_6.67+3112.4\"";offset=6.67,bytecode;dur=0.49;desc=\""bytecode_0+0.49\"";offset=0,response;dur=1001.2;desc=\""response_28712.76+1001.2\"";offset=28712.76,total-latency;dur=3133.64;desc=\""total-latency_0+3133.64\"";offset=0,ttfb;dur=4134.83;desc=\""ttfb_0+4134.83\"";offset=0,fetch;dur=937;desc=\""fetch_28762.96+937\"";offset=28762.96""}},""err"":{""type"":""Error"",""message"":""failed with status code 500"",""stack"":""Error: failed with status code 500\n    at onResFinished (/var/task/node_modules/pino-http/logger.js:115:39)\n    at ServerResponse.onResponseComplete (/var/task/node_modules/pino-http/logger.js:178:14)\n    at ServerResponse.emit (node:events:531:35)\n    at /opt/rust/nodejs.js:16:2315\n    at AsyncLocalStorage.run (node:internal/async_local_storage/async_hooks:80:14)\n    at /opt/rust/nodejs.js:16:2303\n    at AsyncLocalStorage.run (node:internal/async_local_storage/async_hooks:80:14)\n    at e.emit (/opt/rust/nodejs.js:16:2291)\n    at onFinish (node:_http_outgoing:1082:10)\n    at callback (node:internal/streams/writable:766:21)""},""responseTime"":1009,""msg"":""request errored""}","prj_3zvjtQJWgnTy0FZC8MnDZE0snn2o","","","01KA301957EMRJ6AW7ZVWHZYBA","",-1
"2025-11-15 05:33:01",1763184781573,"site-to-doc.vercel.app/api/battlecards","GET","",-1,"72kwt-1763184780067-1f81d6c14c95","Mozilla/5.0 (Windows NT 10.0; Win64; x64) AppleWebKit/537.36 (KHTML, like Gecko) Chrome/142.0.0.0 Safari/537.36","error","production","main","","lambda","/api","site-to-doc.vercel.app","site-to-doc.vercel.app","dpl_AnytnBWWYjmYqpBuMCiKLWz33GpD",-1,"iad1",-1,-1,"Battlecards list error: DrizzleQueryError: Failed query: select ""id"", ""competitor_name"", ""competitor_url"", ""user_id"", ""request_hash"", ""payload"", ""pdf_url"", ""pdf_size_bytes"", ""quality_score"", ""total_sources"", ""reddit_sources"", ""stackoverflow_sources"", ""github_sources"", ""youtube_sources"", ""status"", ""error_message"", ""created_at"", ""updated_at"", ""completed_at"" from ""battlecards"" order by ""battlecards"".""created_at"" limit $1
params: 20
    at NeonPreparedQuery.queryWithCache (file:///var/task/node_modules/drizzle-orm/pg-core/session.js:41:15)
    at process.processTicksAndRejections (node:internal/process/task_queues:105:5)
    at async NeonPreparedQuery.execute (file:///var/task/node_modules/drizzle-orm/neon-serverless/session.js:109:20)
    at async BattlecardOrchestrator.listBattlecards (file:///var/task/dist/server/app.js:19093:14)
    at async file:///var/task/dist/server/app.js:19304:26 {
  query: 'select ""id"", ""competitor_name"", ""competitor_url"", ""user_id"", ""request_hash"", ""payload"", ""pdf_url"", ""pdf_size_bytes"", ""quality_score"", ""total_sources"", ""reddit_sources"", ""stackoverflow_sources"", ""github_sources"", ""youtube_sources"", ""status"", ""error_message"", ""created_at"", ""updated_at"", ""completed_at"" from ""battlecards"" order by ""battlecards"".""created_at"" limit $1',
  params: [ 20 ],
  cause: ErrorEvent {
    type: 'error',
    defaultPrevented: false,
    cancelable: false,
    timeStamp: 29804.059833
  }
}","prj_3zvjtQJWgnTy0FZC8MnDZE0snn2o","","","01KA301957EMRJ6AW7ZVWHZYBA","",-1
"2025-11-15 05:33:01",1763184781569,"site-to-doc.vercel.app/api/battlecards","GET","",-1,"72kwt-1763184780067-1f81d6c14c95","Mozilla/5.0 (Windows NT 10.0; Win64; x64) AppleWebKit/537.36 (KHTML, like Gecko) Chrome/142.0.0.0 Safari/537.36","warning","production","main","","lambda","/api","site-to-doc.vercel.app","site-to-doc.vercel.app","dpl_AnytnBWWYjmYqpBuMCiKLWz33GpD",-1,"iad1",-1,-1,"Failed to sync Supabase user with database: Failed query: select ""id"", ""email"", ""name"", ""plan"", ""is_admin"", ""subscription_id"", ""subscription_status"", ""generation_count"", ""api_key"", ""api_usage"", ""balance"", ""last_reset_at"", ""deleted_at"", ""created_at"", ""updated_at"" from ""users"" where ""users"".""email"" = $1 limit $2
params: alcatecable@gmail.com,1","prj_3zvjtQJWgnTy0FZC8MnDZE0snn2o","","","01KA301957EMRJ6AW7ZVWHZYBA","",-1
"2025-11-15 05:33:00",1763184780647,"site-to-doc.vercel.app/api/battlecards","GET","",-1,"72kwt-1763184780067-1f81d6c14c95","Mozilla/5.0 (Windows NT 10.0; Win64; x64) AppleWebKit/537.36 (KHTML, like Gecko) Chrome/142.0.0.0 Safari/537.36","info","production","main","","lambda","/api","site-to-doc.vercel.app","site-to-doc.vercel.app","dpl_AnytnBWWYjmYqpBuMCiKLWz33GpD",-1,"iad1",-1,-1,"‚úÖ Redis connected successfully","prj_3zvjtQJWgnTy0FZC8MnDZE0snn2o","","","01KA301957EMRJ6AW7ZVWHZYBA","",-1
"2025-11-15 05:33:00",1763184780646,"site-to-doc.vercel.app/api/battlecards","GET","",-1,"72kwt-1763184780067-1f81d6c14c95","Mozilla/5.0 (Windows NT 10.0; Win64; x64) AppleWebKit/537.36 (KHTML, like Gecko) Chrome/142.0.0.0 Safari/537.36","info","production","main","","lambda","/api","site-to-doc.vercel.app","site-to-doc.vercel.app","dpl_AnytnBWWYjmYqpBuMCiKLWz33GpD",-1,"iad1",-1,-1,"‚úÖ Redis connected successfully","prj_3zvjtQJWgnTy0FZC8MnDZE0snn2o","","","01KA301957EMRJ6AW7ZVWHZYBA","",-1
"2025-11-15 05:33:00",1763184780623,"site-to-doc.vercel.app/api/battlecards","GET","",-1,"72kwt-1763184780067-1f81d6c14c95","Mozilla/5.0 (Windows NT 10.0; Win64; x64) AppleWebKit/537.36 (KHTML, like Gecko) Chrome/142.0.0.0 Safari/537.36","info","production","main","","lambda","/api","site-to-doc.vercel.app","site-to-doc.vercel.app","dpl_AnytnBWWYjmYqpBuMCiKLWz33GpD",-1,"iad1",-1,-1,"{""level"":50,""time"":1763184780620,""pid"":4,""hostname"":""169.254.33.93"",""err"":{""type"":""DrizzleQueryError"",""message"":""Failed query: select \""id\"", \""url\"", \""title\"", \""content\"", \""user_id\"", \""subdomain\"", \""theme_id\"", \""current_version\"", \""search_vector\"", \""deletion_scheduled_at\"", \""generated_at\"" from \""documentations\"" where \""documentations\"".\""subdomain\"" = $1 limit $2\nparams: site-to-doc,1: Received network error or non-101 status code."",""stack"":""Error: Failed query: select \""id\"", \""url\"", \""title\"", \""content\"", \""user_id\"", \""subdomain\"", \""theme_id\"", \""current_version\"", \""search_vector\"", \""deletion_scheduled_at\"", \""generated_at\"" from \""documentations\"" where \""documentations\"".\""subdomain\"" = $1 limit $2\nparams: site-to-doc,1\n    at NeonPreparedQuery.queryWithCache (file:///var/task/node_modules/drizzle-orm/pg-core/session.js:41:15)\n    at process.processTicksAndRejections (node:internal/process/task_queues:105:5)\n    at async NeonPreparedQuery.execute (file:///var/task/node_modules/drizzle-orm/neon-serverless/session.js:109:20)\n    at async DrizzleStorage.getDocumentationBySubdomain (file:///var/task/dist/server/app.js:850:25)\n    at async file:///var/task/dist/server/app.js:20962:21\ncaused by: Error: Received network error or non-101 status code.\n    at file:///var/task/node_modules/@neondatabase/serverless/index.mjs:1087:33\n    at process.processTicksAndRejections (node:internal/process/task_queues:105:5)\n    at async file:///var/task/node_modules/drizzle-orm/neon-serverless/session.js:110:14\n    at async NeonPreparedQuery.queryWithCache (file:///var/task/node_modules/drizzle-orm/pg-core/session.js:39:16)\n    at async NeonPreparedQuery.execute (file:///var/task/node_modules/drizzle-orm/neon-serverless/session.js:109:20)\n    at async DrizzleStorage.getDocumentationBySubdomain (file:///var/task/dist/server/app.js:850:25)\n    at async file:///var/task/dist/server/app.js:20962:21"",""query"":""select \""id\"", \""url\"", \""title\"", \""content\"", \""user_id\"", \""subdomain\"", \""theme_id\"", \""current_version\"", \""search_vector\"", \""deletion_scheduled_at\"", \""generated_at\"" from \""documentations\"" where \""documentations\"".\""subdomain\"" = $1 limit $2"",""params"":[""site-to-doc"",1]},""msg"":""Subdomain routing error""}","prj_3zvjtQJWgnTy0FZC8MnDZE0snn2o","","","01KA301957EMRJ6AW7ZVWHZYBA","",-1
"2025-11-15 05:33:00",1763184780570,"site-to-doc.vercel.app/api/battlecards","GET","",-1,"72kwt-1763184780067-1f81d6c14c95","Mozilla/5.0 (Windows NT 10.0; Win64; x64) AppleWebKit/537.36 (KHTML, like Gecko) Chrome/142.0.0.0 Safari/537.36","info","production","main","","lambda","/api","site-to-doc.vercel.app","site-to-doc.vercel.app","dpl_AnytnBWWYjmYqpBuMCiKLWz33GpD",-1,"iad1",-1,-1,"‚úÖ Redis connected successfully","prj_3zvjtQJWgnTy0FZC8MnDZE0snn2o","","","01KA301957EMRJ6AW7ZVWHZYBA","",-1
"2025-11-15 05:33:00",1763184780531,"site-to-doc.vercel.app/api/battlecards","GET","",-1,"72kwt-1763184780067-1f81d6c14c95","Mozilla/5.0 (Windows NT 10.0; Win64; x64) AppleWebKit/537.36 (KHTML, like Gecko) Chrome/142.0.0.0 Safari/537.36","info","production","main","","lambda","/api","site-to-doc.vercel.app","site-to-doc.vercel.app","dpl_AnytnBWWYjmYqpBuMCiKLWz33GpD",-1,"iad1",-1,-1,"Error: connect ETIMEDOUT    at Socket.<anonymous> (/var/task/node_modules/ioredis/built/Redis.js:171:41)    at Object.onceWrapper (node:events:633:28)    at Socket.emit (node:events:519:28)    at Socket._onTimeout (node:net:604:8)    at listOnTimeout (node:internal/timers:588:17)    at process.processTimers (node:internal/timers:523:7) {  errorno: 'ETIMEDOUT',  code: 'ETIMEDOUT',  syscall: 'connect'}","prj_3zvjtQJWgnTy0FZC8MnDZE0snn2o","","","01KA301957EMRJ6AW7ZVWHZYBA","",-1
"2025-11-15 05:33:00",1763184780528,"site-to-doc.vercel.app/api/battlecards","GET","",-1,"72kwt-1763184780067-1f81d6c14c95","Mozilla/5.0 (Windows NT 10.0; Win64; x64) AppleWebKit/537.36 (KHTML, like Gecko) Chrome/142.0.0.0 Safari/537.36","info","production","main","","lambda","/api","site-to-doc.vercel.app","site-to-doc.vercel.app","dpl_AnytnBWWYjmYqpBuMCiKLWz33GpD",-1,"iad1",-1,-1,"‚ùå Redis connection error: connect ETIMEDOUT","prj_3zvjtQJWgnTy0FZC8MnDZE0snn2o","","","01KA301957EMRJ6AW7ZVWHZYBA","",-1
"2025-11-15 05:33:00",1763184780528,"site-to-doc.vercel.app/api/battlecards","GET","",-1,"72kwt-1763184780067-1f81d6c14c95","Mozilla/5.0 (Windows NT 10.0; Win64; x64) AppleWebKit/537.36 (KHTML, like Gecko) Chrome/142.0.0.0 Safari/537.36","info","production","main","","lambda","/api","site-to-doc.vercel.app","site-to-doc.vercel.app","dpl_AnytnBWWYjmYqpBuMCiKLWz33GpD",-1,"iad1",-1,-1,"Error: connect ETIMEDOUT    at Socket.<anonymous> (/var/task/node_modules/ioredis/built/Redis.js:171:41)    at Object.onceWrapper (node:events:633:28)    at Socket.emit (node:events:519:28)    at Socket._onTimeout (node:net:604:8)    at listOnTimeout (node:internal/timers:588:17)    at process.processTimers (node:internal/timers:523:7) {  errorno: 'ETIMEDOUT',  code: 'ETIMEDOUT',  syscall: 'connect'}","prj_3zvjtQJWgnTy0FZC8MnDZE0snn2o","","","01KA301957EMRJ6AW7ZVWHZYBA","",-1
"2025-11-15 05:33:00",1763184780508,"site-to-doc.vercel.app/api/battlecards","GET","",-1,"72kwt-1763184780067-1f81d6c14c95","Mozilla/5.0 (Windows NT 10.0; Win64; x64) AppleWebKit/537.36 (KHTML, like Gecko) Chrome/142.0.0.0 Safari/537.36","info","production","main","","lambda","/api","site-to-doc.vercel.app","site-to-doc.vercel.app","dpl_AnytnBWWYjmYqpBuMCiKLWz33GpD",-1,"iad1",-1,-1,"‚ùå Redis connection error: connect ETIMEDOUT","prj_3zvjtQJWgnTy0FZC8MnDZE0snn2o","","","01KA301957EMRJ6AW7ZVWHZYBA","",-1
"2025-11-15 05:33:00",1763184780505,"site-to-doc.vercel.app/api/battlecards","GET","",-1,"72kwt-1763184780067-1f81d6c14c95","Mozilla/5.0 (Windows NT 10.0; Win64; x64) AppleWebKit/537.36 (KHTML, like Gecko) Chrome/142.0.0.0 Safari/537.36","info","production","main","","lambda","/api","site-to-doc.vercel.app","site-to-doc.vercel.app","dpl_AnytnBWWYjmYqpBuMCiKLWz33GpD",-1,"iad1",-1,-1,"üë∑ Worker started with 5 concurrent processors","prj_3zvjtQJWgnTy0FZC8MnDZE0snn2o","","","01KA301957EMRJ6AW7ZVWHZYBA","",-1
"2025-11-15 05:33:00",1763184780505,"site-to-doc.vercel.app/api/battlecards","GET","",-1,"72kwt-1763184780067-1f81d6c14c95","Mozilla/5.0 (Windows NT 10.0; Win64; x64) AppleWebKit/537.36 (KHTML, like Gecko) Chrome/142.0.0.0 Safari/537.36","info","production","main","","lambda","/api","site-to-doc.vercel.app","site-to-doc.vercel.app","dpl_AnytnBWWYjmYqpBuMCiKLWz33GpD",-1,"iad1",-1,-1,"üöÄ BullMQ Queue initialized: documentation-generation (5 workers)","prj_3zvjtQJWgnTy0FZC8MnDZE0snn2o","","","01KA301957EMRJ6AW7ZVWHZYBA","",-1
"2025-11-15 05:33:00",1763184780505,"site-to-doc.vercel.app/api/battlecards","GET","",-1,"72kwt-1763184780067-1f81d6c14c95","Mozilla/5.0 (Windows NT 10.0; Win64; x64) AppleWebKit/537.36 (KHTML, like Gecko) Chrome/142.0.0.0 Safari/537.36","info","production","main","","lambda","/api","site-to-doc.vercel.app","site-to-doc.vercel.app","dpl_AnytnBWWYjmYqpBuMCiKLWz33GpD",-1,"iad1",-1,-1,"üöÄ Initializing BullMQ Queue (production mode)...","prj_3zvjtQJWgnTy0FZC8MnDZE0snn2o","","","01KA301957EMRJ6AW7ZVWHZYBA","",-1
"2025-11-15 05:33:00",1763184780505,"site-to-doc.vercel.app/api/battlecards","GET","",-1,"72kwt-1763184780067-1f81d6c14c95","Mozilla/5.0 (Windows NT 10.0; Win64; x64) AppleWebKit/537.36 (KHTML, like Gecko) Chrome/142.0.0.0 Safari/537.36","info","production","main","","lambda","/api","site-to-doc.vercel.app","site-to-doc.vercel.app","dpl_AnytnBWWYjmYqpBuMCiKLWz33GpD",-1,"iad1",-1,-1,"{""level"":30,""time"":1763184754972,""pid"":4,""hostname"":""169.254.33.93"",""supabaseConfigured"":true,""msg"":""Supabase""}","prj_3zvjtQJWgnTy0FZC8MnDZE0snn2o","","","01KA301957EMRJ6AW7ZVWHZYBA","",-1
"2025-11-15 05:33:00",1763184780505,"site-to-doc.vercel.app/api/battlecards","GET","",-1,"72kwt-1763184780067-1f81d6c14c95","Mozilla/5.0 (Windows NT 10.0; Win64; x64) AppleWebKit/537.36 (KHTML, like Gecko) Chrome/142.0.0.0 Safari/537.36","info","production","main","","lambda","/api","site-to-doc.vercel.app","site-to-doc.vercel.app","dpl_AnytnBWWYjmYqpBuMCiKLWz33GpD",-1,"iad1",-1,-1,"{""level"":30,""time"":1763184754972,""pid"":4,""hostname"":""169.254.33.93"",""dbConfigured"":true,""msg"":""Database""}","prj_3zvjtQJWgnTy0FZC8MnDZE0snn2o","","","01KA301957EMRJ6AW7ZVWHZYBA","",-1
"2025-11-15 05:33:00",1763184780505,"site-to-doc.vercel.app/api/battlecards","GET","",-1,"72kwt-1763184780067-1f81d6c14c95","Mozilla/5.0 (Windows NT 10.0; Win64; x64) AppleWebKit/537.36 (KHTML, like Gecko) Chrome/142.0.0.0 Safari/537.36","info","production","main","","lambda","/api","site-to-doc.vercel.app","site-to-doc.vercel.app","dpl_AnytnBWWYjmYqpBuMCiKLWz33GpD",-1,"iad1",-1,-1,"{""level"":30,""time"":1763184754972,""pid"":4,""hostname"":""169.254.33.93"",""providers"":[""Google AI (Gemini)"",""Groq"",""DeepSeek"",""OpenAI""],""msg"":""Configured AI Providers""}","prj_3zvjtQJWgnTy0FZC8MnDZE0snn2o","","","01KA301957EMRJ6AW7ZVWHZYBA","",-1
"2025-11-15 05:33:00",1763184780505,"site-to-doc.vercel.app/api/battlecards","GET","",-1,"72kwt-1763184780067-1f81d6c14c95","Mozilla/5.0 (Windows NT 10.0; Win64; x64) AppleWebKit/537.36 (KHTML, like Gecko) Chrome/142.0.0.0 Safari/537.36","info","production","main","","lambda","/api","site-to-doc.vercel.app","site-to-doc.vercel.app","dpl_AnytnBWWYjmYqpBuMCiKLWz33GpD",-1,"iad1",-1,-1,"{""level"":30,""time"":1763184754971,""pid"":4,""hostname"":""169.254.33.93"",""msg"":""ViberDoc Multi-Provider LLM System""}","prj_3zvjtQJWgnTy0FZC8MnDZE0snn2o","","","01KA301957EMRJ6AW7ZVWHZYBA","",-1
"2025-11-15 05:33:00",1763184780505,"site-to-doc.vercel.app/api/battlecards","GET","",-1,"72kwt-1763184780067-1f81d6c14c95","Mozilla/5.0 (Windows NT 10.0; Win64; x64) AppleWebKit/537.36 (KHTML, like Gecko) Chrome/142.0.0.0 Safari/537.36","info","production","main","","lambda","/api","site-to-doc.vercel.app","site-to-doc.vercel.app","dpl_AnytnBWWYjmYqpBuMCiKLWz33GpD",-1,"iad1",-1,-1,"‚úÖ Rate limiters initialized for all AI providers","prj_3zvjtQJWgnTy0FZC8MnDZE0snn2o","","","01KA301957EMRJ6AW7ZVWHZYBA","",-1
"2025-11-15 05:33:00",1763184780505,"site-to-doc.vercel.app/api/battlecards","GET","",-1,"72kwt-1763184780067-1f81d6c14c95","Mozilla/5.0 (Windows NT 10.0; Win64; x64) AppleWebKit/537.36 (KHTML, like Gecko) Chrome/142.0.0.0 Safari/537.36","info","production","main","","lambda","/api","site-to-doc.vercel.app","site-to-doc.vercel.app","dpl_AnytnBWWYjmYqpBuMCiKLWz33GpD",-1,"iad1",-1,-1,"üíæ Idempotency storage initialized: Database (persistent)","prj_3zvjtQJWgnTy0FZC8MnDZE0snn2o","","","01KA301957EMRJ6AW7ZVWHZYBA","",-1
"2025-11-15 05:33:00",1763184780505,"site-to-doc.vercel.app/api/battlecards","GET","",-1,"72kwt-1763184780067-1f81d6c14c95","Mozilla/5.0 (Windows NT 10.0; Win64; x64) AppleWebKit/537.36 (KHTML, like Gecko) Chrome/142.0.0.0 Safari/537.36","info","production","main","","lambda","/api","site-to-doc.vercel.app","site-to-doc.vercel.app","dpl_AnytnBWWYjmYqpBuMCiKLWz33GpD",-1,"iad1",-1,-1,"The `fetchConnectionCache` option is deprecated (now always `true`)","prj_3zvjtQJWgnTy0FZC8MnDZE0snn2o","","","01KA301957EMRJ6AW7ZVWHZYBA","",-1
"2025-11-15 05:33:00",1763184780505,"site-to-doc.vercel.app/api/battlecards","GET","",-1,"72kwt-1763184780067-1f81d6c14c95","Mozilla/5.0 (Windows NT 10.0; Win64; x64) AppleWebKit/537.36 (KHTML, like Gecko) Chrome/142.0.0.0 Safari/537.36","info","production","main","","lambda","/api","site-to-doc.vercel.app","site-to-doc.vercel.app","dpl_AnytnBWWYjmYqpBuMCiKLWz33GpD",-1,"iad1",-1,-1,"OpenTelemetry SDK started successfully","prj_3zvjtQJWgnTy0FZC8MnDZE0snn2o","","","01KA301957EMRJ6AW7ZVWHZYBA","",-1
"2025-11-15 05:33:00",1763184780455,"site-to-doc.vercel.app/api/battlecards","GET","",500,"72kwt-1763184780067-1f81d6c14c95","Mozilla/5.0 (Windows NT 10.0; Win64; x64) AppleWebKit/537.36 (KHTML, like Gecko) Chrome/142.0.0.0 Safari/537.36","error","production","main","","lambda","/api","site-to-doc.vercel.app","site-to-doc.vercel.app","dpl_AnytnBWWYjmYqpBuMCiKLWz33GpD",1677,"iad1",432,2048,"","prj_3zvjtQJWgnTy0FZC8MnDZE0snn2o","","","01KA301957EMRJ6AW7ZVWHZYBA","ew79T8xR7dNu",1
